Workbook

Sheet Veri
A1: Country | B1: Region | C1: Happiness Rank | D1: Happiness Score | E1: Standard Error | F1: Economy (GDP per Capita) | G1: Family | H1: Health (Life Expectancy) | I1: Freedom | J1: Trust (Government Corruption) | K1: Generosity | L1: Dystopia Residual
A2: Switzerland | B2: Western Europe | C2: 1 | D2: 7.587 | E2: 0.03411 | F2: 1.39651 | G2: 1.34951 | H2: 0.94143 | I2: 0.66557 | J2: 0.41978 | K2: 0.29678 | L2: 2.51738
A3: Iceland | B3: Western Europe | C3: 2 | D3: 7.561 | E3: 0.04884 | F3: 1.30232 | G3: 1.40223 | H3: 0.94784 | I3: 0.62877 | J3: 0.14145 | K3: 0.4363 | L3: 2.70201
A4: Denmark | B4: Western Europe | C4: 3 | D4: 7.527 | E4: 0.03328 | F4: 1.32548 | G4: 1.36058 | H4: 0.87464 | I4: 0.64938 | J4: 0.48357 | K4: 0.34139 | L4: 2.49204
A5: Norway | B5: Western Europe | C5: 4 | D5: 7.522 | E5: 0.0388 | F5: 1.459 | G5: 1.33095 | H5: 0.88521 | I5: 0.66973 | J5: 0.36503 | K5: 0.34699 | L5: 2.46531
A6: Canada | B6: North America | C6: 5 | D6: 7.427 | E6: 0.03553 | F6: 1.32629 | G6: 1.32261 | H6: 0.90563 | I6: 0.63297 | J6: 0.32957 | K6: 0.45811 | L6: 2.45176
A7: Finland | B7: Western Europe | C7: 6 | D7: 7.406 | E7: 0.0314 | F7: 1.29025 | G7: 1.31826 | H7: 0.88911 | I7: 0.64169 | J7: 0.41372 | K7: 0.23351 | L7: 2.61955
A8: Netherlands | B8: Western Europe | C8: 7 | D8: 7.378 | E8: 0.02799 | F8: 1.32944 | G8: 1.28017 | H8: 0.89284 | I8: 0.61576 | J8: 0.31814 | K8: 0.4761 | L8: 2.4657
A9: Sweden | B9: Western Europe | C9: 8 | D9: 7.364 | E9: 0.03157 | F9: 1.33171 | G9: 1.28907 | H9: 0.91087 | I9: 0.6598 | J9: 0.43844 | K9: 0.36262 | L9: 2.37119
A10: New Zealand | B10: Australia and New Zealand | C10: 9 | D10: 7.286 | E10: 0.03371 | F10: 1.25018 | G10: 1.31967 | H10: 0.90837 | I10: 0.63938 | J10: 0.42922 | K10: 0.47501 | L10: 2.26425
A11: Australia | B11: Australia and New Zealand | C11: 10 | D11: 7.284 | E11: 0.04083 | F11: 1.33358 | G11: 1.30923 | H11: 0.93156 | I11: 0.65124 | J11: 0.35637 | K11: 0.43562 | L11: 2.26646
A12: Israel | B12: Middle East and Northern Africa | C12: 11 | D12: 7.278 | E12: 0.0347 | F12: 1.22857 | G12: 1.22393 | H12: 0.91387 | I12: 0.41319 | J12: 0.07785 | K12: 0.33172 | L12: 3.08854
A13: Costa Rica | B13: Latin America and Caribbean | C13: 12 | D13: 7.226 | E13: 0.04454 | F13: 0.95578 | G13: 1.23788 | H13: 0.86027 | I13: 0.63376 | J13: 0.10583 | K13: 0.25497 | L13: 3.17728
... A159: Togo | B159: Sub-Saharan Africa | C159: 158 | D159: 2.839 | E159: 0.06727 | F159: 0.20868 | G159: 0.13995 | H159: 0.28443 | I159: 0.36453 | J159: 0.10731 | K159: 0.16681 | L159: 1.56726

Sheet Sıralı Ülkeler
A1: Sıra | B1: Ülke | C1: Bölge | D1: Mutluluk Puanı
A2: =RANK(D2,$D$2:$D$159,0) -> 1 | B2: Switzerland | C2: Western Europe | D2: 7.587
A3: =RANK(D3,$D$2:$D$159,0) -> 2 | B3: Iceland | C3: Western Europe | D3: 7.561
A4: =RANK(D4,$D$2:$D$159,0) -> 3 | B4: Denmark | C4: Western Europe | D4: 7.527
A5: =RANK(D5,$D$2:$D$159,0) -> 4 | B5: Norway | C5: Western Europe | D5: 7.522
A6: =RANK(D6,$D$2:$D$159,0) -> 5 | B6: Canada | C6: North America | D6: 7.427
A7: =RANK(D7,$D$2:$D$159,0) -> 6 | B7: Finland | C7: Western Europe | D7: 7.406
A8: =RANK(D8,$D$2:$D$159,0) -> 7 | B8: Netherlands | C8: Western Europe | D8: 7.378
A9: =RANK(D9,$D$2:$D$159,0) -> 8 | B9: Sweden | C9: Western Europe | D9: 7.364
A10: =RANK(D10,$D$2:$D$159,0) -> 9 | B10: New Zealand | C10: Australia and New Zealand | D10: 7.286
A11: =RANK(D11,$D$2:$D$159,0) -> 10 | B11: Australia | C11: Australia and New Zealand | D11: 7.284
A12: =RANK(D12,$D$2:$D$159,0) -> 11 | B12: Israel | C12: Middle East and Northern Africa | D12: 7.278
A13: =RANK(D13,$D$2:$D$159,0) -> 12 | B13: Costa Rica | C13: Latin America and Caribbean | D13: 7.226
... A159: =RANK(D159,$D$2:$D$159,0) -> 158 | B159: Togo | C159: Sub-Saharan Africa | D159: 2.839

Sheet Bölge Ortalaması
A1: Bölge | B1: Ortalama Mutluluk Puanı | C1: Ülke Sayısı
A2: Australia and New Zealand | B2: =AVERAGEIF(Veri!$B$2:$B$159,A2,Veri!$D$2:$D$159) -> 7.285 | C2: =COUNTIF(Veri!$B$2:$B$159,A2) -> 2
A3: North America | B3: =AVERAGEIF(Veri!$B$2:$B$159,A3,Veri!$D$2:$D$159) -> 7.273 | C3: =COUNTIF(Veri!$B$2:$B$159,A3) -> 2
A4: Western Europe | B4: =AVERAGEIF(Veri!$B$2:$B$159,A4,Veri!$D$2:$D$159) -> 6.689619 | C4: =COUNTIF(Veri!$B$2:$B$159,A4) -> 21
A5: Latin America and Caribbean | B5: =AVERAGEIF(Veri!$B$2:$B$159,A5,Veri!$D$2:$D$159) -> 6.1446818 | C5: =COUNTIF(Veri!$B$2:$B$159,A5) -> 22
A6: Eastern Asia | B6: =AVERAGEIF(Veri!$B$2:$B$159,A6,Veri!$D$2:$D$159) -> 5.6261667 | C6: =COUNTIF(Veri!$B$2:$B$159,A6) -> 6
A7: Middle East and Northern Africa | B7: =AVERAGEIF(Veri!$B$2:$B$159,A7,Veri!$D$2:$D$159) -> 5.4069 | C7: =COUNTIF(Veri!$B$2:$B$159,A7) -> 20
A8: Central and Eastern Europe | B8: =AVERAGEIF(Veri!$B$2:$B$159,A8,Veri!$D$2:$D$159) -> 5.332931 | C8: =COUNTIF(Veri!$B$2:$B$159,A8) -> 29
A9: Southeastern Asia | B9: =AVERAGEIF(Veri!$B$2:$B$159,A9,Veri!$D$2:$D$159) -> 5.3174444 | C9: =COUNTIF(Veri!$B$2:$B$159,A9) -> 9
A10: Southern Asia | B10: =AVERAGEIF(Veri!$B$2:$B$159,A10,Veri!$D$2:$D$159) -> 4.5808571 | C10: =COUNTIF(Veri!$B$2:$B$159,A10) -> 7
A11: Sub-Saharan Africa | B11: =AVERAGEIF(Veri!$B$2:$B$159,A11,Veri!$D$2:$D$159) -> 4.2028 | C11: =COUNTIF(Veri!$B$2:$B$159,A11) -> 40

Sheet Normalize
A1: Ülke | B1: GSYİH (Ham) | C1: GSYİH (Normalize) | D1: Yaşam Beklentisi (Ham) | E1: Yaşam Beklentisi (Normalize)
A2: =Veri!A2 -> Switzerland | B2: =Veri!F2 -> 1.39651 | C2: =(B2-$H$3)/($H$4-$H$3) -> 0.82613197 | D2: =Veri!H2 -> 0.94143 | E2: =(D2-$I$3)/($I$4-$I$3) -> 0.91824433 | H2: GSYİH | I2: Yaşam Bekl.
A3: =Veri!A3 -> Iceland | B3: =Veri!F3 -> 1.30232 | C3: =(B3-$H$3)/($H$4-$H$3) -> 0.77041209 | D3: =Veri!H3 -> 0.94784 | E3: =(D3-$I$3)/($I$4-$I$3) -> 0.92449646 | G3: Min | H3: =MIN(B2:B159) -> 0 | I3: =MIN(D2:D159) -> 0
A4: =Veri!A4 -> Denmark | B4: =Veri!F4 -> 1.32548 | C4: =(B4-$H$3)/($H$4-$H$3) -> 0.78411282 | D4: =Veri!H4 -> 0.87464 | E4: =(D4-$I$3)/($I$4-$I$3) -> 0.85309924 | G4: Maks | H4: =MAX(B2:B159) -> 1.69042 | I4: =MAX(D2:D159) -> 1.02525
A5: =Veri!A5 -> Norway | B5: =Veri!F5 -> 1.459 | C5: =(B5-$H$3)/($H$4-$H$3) -> 0.86309911 | D5: =Veri!H5 -> 0.88521 | E5: =(D5-$I$3)/($I$4-$I$3) -> 0.86340892
A6: =Veri!A6 -> Canada | B6: =Veri!F6 -> 1.32629 | C6: =(B6-$H$3)/($H$4-$H$3) -> 0.78459199 | D6: =Veri!H6 -> 0.90563 | E6: =(D6-$I$3)/($I$4-$I$3) -> 0.88332602 | G6: Yöntem: Min-Max ölçekleme → (x - min) / (maks - min), sonuç 0 ile 1 arasındadır.
A7: =Veri!A7 -> Finland | B7: =Veri!F7 -> 1.29025 | C7: =(B7-$H$3)/($H$4-$H$3) -> 0.76327185 | D7: =Veri!H7 -> 0.88911 | E7: =(D7-$I$3)/($I$4-$I$3) -> 0.86721287
A8: =Veri!A8 -> Netherlands | B8: =Veri!F8 -> 1.32944 | C8: =(B8-$H$3)/($H$4-$H$3) -> 0.78645544 | D8: =Veri!H8 -> 0.89284 | E8: =(D8-$I$3)/($I$4-$I$3) -> 0.87085101
A9: =Veri!A9 -> Sweden | B9: =Veri!F9 -> 1.33171 | C9: =(B9-$H$3)/($H$4-$H$3) -> 0.7877983 | D9: =Veri!H9 -> 0.91087 | E9: =(D9-$I$3)/($I$4-$I$3) -> 0.88843697
A10: =Veri!A10 -> New Zealand | B10: =Veri!F10 -> 1.25018 | C10: =(B10-$H$3)/($H$4-$H$3) -> 0.73956768 | D10: =Veri!H10 -> 0.90837 | E10: =(D10-$I$3)/($I$4-$I$3) -> 0.88599854
A11: =Veri!A11 -> Australia | B11: =Veri!F11 -> 1.33358 | C11: =(B11-$H$3)/($H$4-$H$3) -> 0.78890453 | D11: =Veri!H11 -> 0.93156 | E11: =(D11-$I$3)/($I$4-$I$3) -> 0.90861741
A12: =Veri!A12 -> Israel | B12: =Veri!F12 -> 1.22857 | C12: =(B12-$H$3)/($H$4-$H$3) -> 0.72678388 | D12: =Veri!H12 -> 0.91387 | E12: =(D12-$I$3)/($I$4-$I$3) -> 0.89136308
A13: =Veri!A13 -> Costa Rica | B13: =Veri!F13 -> 0.95578 | C13: =(B13-$H$3)/($H$4-$H$3) -> 0.56540978 | D13: =Veri!H13 -> 0.86027 | E13: =(D13-$I$3)/($I$4-$I$3) -> 0.83908315
A14: =Veri!A14 -> Austria | B14: =Veri!F14 -> 1.33723 | C14: =(B14-$H$3)/($H$4-$H$3) -> 0.79106376 | D14: =Veri!H14 -> 0.89042 | E14: =(D14-$I$3)/($I$4-$I$3) -> 0.86849061
A15: =Veri!A15 -> Mexico | B15: =Veri!F15 -> 1.02054 | C15: =(B15-$H$3)/($H$4-$H$3) -> 0.60371979 | D15: =Veri!H15 -> 0.81444 | E15: =(D15-$I$3)/($I$4-$I$3) -> 0.79438186
A16: =Veri!A16 -> United States | B16: =Veri!F16 -> 1.39451 | C16: =(B16-$H$3)/($H$4-$H$3) -> 0.82494883 | D16: =Veri!H16 -> 0.86179 | E16: =(D16-$I$3)/($I$4-$I$3) -> 0.84056572
A17: =Veri!A17 -> Brazil | B17: =Veri!F17 -> 0.98124 | C17: =(B17-$H$3)/($H$4-$H$3) -> 0.58047113 | D17: =Veri!H17 -> 0.69702 | E17: =(D17-$I$3)/($I$4-$I$3) -> 0.67985369
A18: =Veri!A18 -> Luxembourg | B18: =Veri!F18 -> 1.56391 | C18: =(B18-$H$3)/($H$4-$H$3) -> 0.92516061 | D18: =Veri!H18 -> 0.91894 | E18: =(D18-$I$3)/($I$4-$I$3) -> 0.89630822
... A159: =Veri!A159 -> Togo | B159: =Veri!F159 -> 0.20868 | C159: =(B159-$H$3)/($H$4-$H$3) -> 0.12344861 | D159: =Veri!H159 -> 0.28443 | E159: =(D159-$I$3)/($I$4-$I$3) -> 0.27742502
